age,educ,race,gender,hhincome,employment,party,opinion_leaders,state,perc_women
5,9,1,1,10,1,1,2,MO,0.218
5,12,1,0,16,4,5,2,MO,0.218
4,7,1,0,12,1,3,1,MO,0.218
2,10,1,1,17,2,3,1,MO,0.218
4,6,1,1,11,1,6,2,MO,0.218
2,10,1,0,14,1,3,2,MO,0.218
5,13,1,1,14,5,2,2,MO,0.218
5,10,2,0,7,6,7,2,MO,0.218
4,13,1,1,13,2,7,2,MO,0.218
1,9,2,1,8,4,7,1,MO,0.218
5,9,1,0,12,1,1,2,MO,0.218
5,13,1,1,15,1,6,2,MO,0.218
1,9,4,1,1,1,6,2,MO,0.218
1,9,2,0,10,1,6,3,MO,0.218
1,10,1,1,12,7,3,2,MO,0.218
2,11,1,0,13,1,1,2,MO,0.218
1,9,2,1,4,4,4,NaN,MO,0.218
5,9,1,0,6,6,5,2,MO,0.218
6,9,1,1,11,2,6,2,MO,0.218
5,9,1,0,8,1,4,2,MO,0.218
4,7,3,1,11,1,5,2,MO,0.218
3,12,1,1,16,1,7,2,MO,0.218
3,12,1,1,19,1,3,2,MO,0.218
1,9,4,0,14,7,3,1,MO,0.218
5,10,1,0,13,5,3,2,MO,0.218
3,14,1,1,16,1,7,2,FL,0.256
1,10,1,1,13,1,1,2,FL,0.256
1,8,4,1,9,4,5,2,FL,0.256
6,14,1,1,16,5,2,2,FL,0.256
3,10,2,1,14,1,7,2,FL,0.256
2,10,4,0,8,1,7,2,FL,0.256
5,12,1,1,19,5,3,2,FL,0.256
5,11,1,1,9,1,3,1,FL,0.256
5,9,1,1,13,6,1,1,FL,0.256
2,12,1,0,13,1,4,2,FL,0.256
1,9,2,0,18,1,7,NaN,FL,0.256
2,9,1,1,10,1,3,1,FL,0.256
1,9,1,0,11,1,4,1,FL,0.256
6,13,1,0,12,1,1,2,FL,0.256
6,13,1,0,12,5,7,2,FL,0.256
5,9,1,1,11,6,6,3,FL,0.256
4,9,1,0,4,6,5,2,FL,0.256
7,9,1,1,16,5,7,2,FL,0.256
7,11,1,0,13,5,3,2,FL,0.256
3,13,1,0,14,1,2,2,FL,0.256
7,9,1,0,7,5,5,2,FL,0.256
2,9,1,1,8,6,5,3,FL,0.256
6,13,1,0,16,5,1,1,FL,0.256
2,13,1,0,16,1,3,3,FL,0.256
5,10,1,1,13,5,2,2,FL,0.256
1,11,1,1,16,1,5,2,FL,0.256
6,4,1,1,1,6,7,2,FL,0.256
3,9,1,1,12,1,1,2,FL,0.256
6,9,1,1,7,5,1,3,FL,0.256
6,13,1,1,5,5,7,3,FL,0.256
4,9,1,0,13,2,5,2,FL,0.256
4,10,1,0,11,2,6,3,FL,0.256
4,12,1,1,7,2,1,2,FL,0.256
4,10,1,0,6,6,6,2,FL,0.256
4,8,1,1,3,6,3,3,FL,0.256
3,9,1,1,12,7,5,2,FL,0.256
3,10,1,1,13,6,7,2,FL,0.256
7,13,1,0,15,5,3,2,FL,0.256
6,9,1,1,14,1,3,2,FL,0.256
7,8,2,0,16,5,7,2,FL,0.256
4,10,1,1,8,6,5,2,FL,0.256
5,12,1,1,13,2,6,2,FL,0.256
5,10,1,0,16,1,1,2,FL,0.256
3,13,1,1,16,1,5,2,FL,0.256
3,7,1,1,3,6,3,2,FL,0.256
4,12,1,0,1,2,5,2,FL,0.256
6,9,1,1,16,5,1,2,FL,0.256
5,11,4,0,16,6,5,2,FL,0.256
5,9,1,0,12,1,1,2,FL,0.256
6,13,4,0,12,5,5,2,FL,0.256
5,7,4,0,13,1,2,2,FL,0.256
6,9,1,1,13,5,2,2,FL,0.256
4,12,2,1,16,1,7,2,FL,0.256
3,12,1,1,14,1,3,2,FL,0.256
5,12,2,0,19,1,7,3,FL,0.256
4,12,1,0,19,1,5,3,FL,0.256
3,13,4,0,13,1,1,1,FL,0.256
6,9,1,1,10,5,1,1,FL,0.256
2,9,4,0,6,6,4,2,FL,0.256
4,9,1,0,4,6,5,2,FL,0.256
7,6,1,1,14,5,3,3,FL,0.256
1,9,1,1,7,4,5,2,FL,0.256
6,12,1,1,11,5,3,2,FL,0.256
2,10,4,1,13,1,5,2,FL,0.256
5,9,1,0,14,1,7,2,FL,0.256
3,11,1,0,12,1,6,2,FL,0.256
6,9,1,0,9,5,3,2,FL,0.256
2,12,2,1,13,1,5,2,FL,0.256
4,12,1,0,19,1,7,2,FL,0.256
4,12,4,0,10,1,5,2,FL,0.256
5,9,1,0,14,1,2,2,FL,0.256
7,9,1,1,7,7,3,2,FL,0.256
6,9,1,0,10,5,5,2,FL,0.256
2,12,1,0,8,7,5,2,FL,0.256
3,6,1,0,11,2,2,1,FL,0.256
5,11,1,0,18,1,1,2,FL,0.256
1,10,1,0,11,7,5,2,FL,0.256
6,10,1,0,18,5,2,2,FL,0.256
1,10,1,1,17,1,5,2,FL,0.256
4,9,1,1,15,1,1,NaN,FL,0.256
6,9,1,1,12,1,3,2,FL,0.256
1,6,5,0,13,2,6,3,FL,0.256
5,10,1,1,6,7,6,2,FL,0.256
3,12,1,1,13,1,7,3,FL,0.256
4,9,1,0,8,6,2,2,FL,0.256
3,10,2,0,13,1,4,NaN,FL,0.256
5,12,4,0,15,1,2,2,FL,0.256
2,12,3,0,16,1,3,1,FL,0.256
5,9,1,1,10,1,2,2,FL,0.256
3,12,1,1,12,1,2,1,FL,0.256
4,10,1,0,13,4,6,2,FL,0.256
2,10,1,0,15,7,7,3,FL,0.256
6,9,1,0,13,5,3,2,FL,0.256
5,9,1,0,8,1,3,1,FL,0.256
4,12,1,0,16,6,1,2,FL,0.256
4,9,1,1,6,6,6,2,FL,0.256
2,10,4,0,15,1,1,2,FL,0.256
6,9,1,0,10,2,2,1,FL,0.256
5,14,1,0,18,2,7,2,FL,0.256
7,10,1,1,12,5,1,1,FL,0.256
5,9,1,0,11,1,5,2,FL,0.256
2,13,1,1,11,7,2,1,FL,0.256
6,12,1,0,16,5,6,2,FL,0.256
2,13,1,1,17,1,6,2,FL,0.256
4,13,5,1,12,1,2,2,FL,0.256
5,12,4,0,9,4,5,2,FL,0.256
7,10,1,0,19,5,3,2,FL,0.256
4,13,1,0,17,1,3,2,FL,0.256
1,12,1,1,4,1,5,2,FL,0.256
3,11,1,0,12,1,2,2,FL,0.256
6,5,4,0,14,1,2,2,FL,0.256
2,8,4,0,7,1,2,2,FL,0.256
2,11,4,0,14,1,7,3,FL,0.256
7,13,4,0,16,5,2,2,FL,0.256
1,10,5,1,17,4,7,2,FL,0.256
1,9,4,0,11,2,6,2,FL,0.256
1,12,4,1,19,1,2,3,FL,0.256
5,9,4,0,15,1,1,2,FL,0.256
2,9,1,0,7,4,3,2,FL,0.256
5,9,1,1,14,2,2,2,FL,0.256
1,9,1,1,18,1,2,2,FL,0.256
5,10,1,1,17,1,5,2,FL,0.256
2,9,2,1,10,7,5,2,MA,0.245
2,14,1,1,15,4,7,2,MA,0.245
5,12,1,0,17,4,7,2,MA,0.245
4,9,3,0,10,1,6,2,MA,0.245
7,9,5,1,7,5,4,2,MA,0.245
5,10,1,1,18,1,6,3,MA,0.245
5,14,1,1,19,1,7,3,MA,0.245
3,12,1,1,17,7,7,2,MA,0.245
6,14,5,0,17,2,3,1,MA,0.245
5,10,5,0,16,1,3,2,MA,0.245
3,13,1,0,14,1,5,2,MA,0.245
4,13,1,1,16,7,3,2,MA,0.245
1,12,1,1,16,1,6,3,MA,0.245
3,9,1,0,12,2,1,1,MA,0.245
5,11,1,0,16,3,6,2,MA,0.245
4,12,1,1,19,7,3,2,MA,0.245
6,13,1,0,16,5,7,3,MA,0.245
5,12,1,0,18,1,4,2,MA,0.245
6,13,1,0,7,5,7,2,MA,0.245
2,12,1,1,19,1,6,2,MA,0.245
5,12,1,0,18,2,7,2,MA,0.245
7,11,1,1,9,1,3,2,MA,0.245
6,9,1,1,12,5,3,2,MA,0.245
3,13,1,1,13,1,7,2,MA,0.245
4,9,1,0,17,1,2,2,MA,0.245
5,9,1,0,4,6,3,2,MA,0.245
5,9,1,0,10,1,3,1,MA,0.245
6,10,1,1,17,1,3,2,MA,0.245
7,13,1,1,12,5,2,2,MA,0.245
3,9,1,1,9,1,7,2,MA,0.245
6,9,1,0,13,5,7,2,MA,0.245
6,10,1,1,16,1,5,2,MA,0.245
2,12,1,1,13,7,6,2,MA,0.245
3,12,1,1,17,2,5,2,MA,0.245
5,10,1,0,14,2,1,2,MA,0.245
1,9,1,0,17,7,5,2,MA,0.245
1,1,4,0,9,7,3,1,MA,0.245
4,12,1,0,8,1,3,2,MA,0.245
2,9,3,1,1,4,5,2,MA,0.245
1,10,2,1,7,4,5,2,MA,0.245
2,13,1,1,17,1,6,2,MA,0.245
5,13,1,1,12,1,2,2,MS,0.172
6,10,1,0,13,2,1,1,MS,0.172
6,9,1,0,6,5,6,1,MS,0.172
2,9,2,1,9,4,3,2,MS,0.172
2,12,1,1,13,1,5,2,MS,0.172
6,7,1,0,6,5,3,2,MS,0.172
3,8,4,0,8,7,7,1,MS,0.172
4,10,1,0,11,1,2,2,MS,0.172
2,13,1,1,15,1,1,2,VA,0.171
4,8,1,1,13,1,6,2,VA,0.171
6,12,1,1,17,1,1,2,VA,0.171
5,9,1,1,16,2,3,2,VA,0.171
5,8,1,0,12,1,5,2,VA,0.171
1,9,1,0,12,4,2,2,VA,0.171
1,12,5,1,14,1,7,2,VA,0.171
6,10,1,1,11,5,2,1,VA,0.171
4,13,1,0,15,1,2,1,VA,0.171
2,13,1,0,19,1,6,3,VA,0.171
6,10,1,1,17,5,7,2,VA,0.171
4,9,2,1,8,1,6,1,VA,0.171
5,10,1,0,17,5,1,2,VA,0.171
2,9,2,1,9,1,7,2,VA,0.171
5,10,1,0,16,1,3,2,VA,0.171
3,13,3,1,16,2,4,3,VA,0.171
7,10,1,0,16,5,6,2,VA,0.171
5,9,2,1,13,7,7,2,VA,0.171
1,12,1,0,19,1,7,2,VA,0.171
3,13,1,0,19,1,2,1,VA,0.171
5,13,1,0,15,1,1,2,VA,0.171
2,11,1,1,13,1,2,2,VA,0.171
6,9,1,1,10,5,7,2,VA,0.171
6,14,1,1,16,1,7,2,VA,0.171
3,13,1,1,14,1,6,2,VA,0.171
3,9,1,0,14,1,1,2,VA,0.171
4,10,2,0,3,6,7,1,VA,0.171
6,11,1,1,12,5,4,3,VA,0.171
3,9,1,0,13,1,7,2,VA,0.171
3,12,3,1,19,1,3,1,VA,0.171
3,12,1,1,12,1,6,2,VA,0.171
1,12,1,1,16,1,2,2,VA,0.171
3,13,2,0,14,1,3,2,VA,0.171
6,9,1,0,13,5,2,1,VA,0.171
4,9,1,1,3,6,7,2,VA,0.171
2,10,1,0,9,1,3,2,VA,0.171
2,8,1,0,9,6,2,2,VA,0.171
4,13,1,0,16,1,5,2,VA,0.171
5,10,1,1,4,6,5,2,VA,0.171
5,9,2,0,12,1,6,2,VA,0.171
1,10,1,0,16,2,3,2,VA,0.171
3,12,1,1,16,1,2,2,VA,0.171
6,12,1,1,15,1,1,2,VA,0.171
3,12,1,1,19,1,5,2,VA,0.171
6,13,1,1,16,1,5,2,IL,0.311
2,11,1,0,7,1,1,2,IL,0.311
4,9,1,1,7,1,6,2,IL,0.311
2,11,1,0,12,1,3,2,IL,0.311
4,11,4,1,17,1,6,2,IL,0.311
5,9,1,0,13,1,7,2,IL,0.311
5,9,1,0,17,5,1,1,IL,0.311
1,12,1,1,10,1,2,2,IL,0.311
2,12,1,0,12,1,5,2,IL,0.311
6,9,1,0,8,3,7,2,IL,0.311
5,13,1,1,14,5,7,3,IL,0.311
4,13,1,0,18,1,2,1,IL,0.311
5,13,1,1,15,5,5,2,IL,0.311
7,9,1,0,11,5,5,1,IL,0.311
1,10,1,0,17,1,6,2,IL,0.311
3,10,4,0,6,1,5,2,IL,0.311
6,9,1,1,9,5,6,2,IL,0.311
3,9,4,0,14,1,6,2,IL,0.311
5,9,1,1,19,6,6,1,IL,0.311
4,9,1,1,16,1,2,2,IL,0.311
4,12,1,0,13,1,1,2,IL,0.311
3,8,4,0,17,1,7,2,IL,0.311
5,12,1,0,18,1,2,2,IL,0.311
1,11,1,1,16,1,2,2,IL,0.311
5,12,1,0,9,1,2,2,IL,0.311
6,13,1,1,18,5,4,2,IL,0.311
4,9,1,1,13,7,1,2,IL,0.311
6,9,1,0,12,5,3,2,IL,0.311
4,10,1,1,14,2,1,2,IL,0.311
3,9,1,1,15,7,2,2,IL,0.311
5,6,2,1,4,1,7,3,IL,0.311
2,9,2,0,8,1,7,2,IL,0.311
3,12,1,0,17,1,1,2,IL,0.311
4,12,1,0,6,1,1,2,IL,0.311
2,11,1,0,14,1,6,2,IL,0.311
5,12,1,0,16,5,5,2,IL,0.311
6,12,1,1,16,5,5,3,IL,0.311
2,12,2,0,19,1,7,2,IL,0.311
7,9,1,1,9,5,2,2,IL,0.311
5,10,1,0,13,1,6,2,IL,0.311
3,13,3,0,19,1,5,2,IL,0.311
3,9,4,0,8,1,5,1,IL,0.311
4,9,1,0,10,1,7,2,IL,0.311
6,13,1,0,16,5,3,1,IL,0.311
6,10,1,1,9,5,2,2,IL,0.311
4,12,1,0,14,2,5,2,IL,0.311
3,13,1,1,19,1,1,3,IL,0.311
6,9,1,0,13,5,7,3,IL,0.311
4,9,1,1,11,1,2,2,IL,0.311
5,12,1,1,16,1,6,2,IL,0.311
6,10,1,1,16,1,1,2,IL,0.311
5,13,1,0,19,1,5,2,IL,0.311
7,14,1,0,16,5,5,3,IL,0.311
3,9,1,0,9,4,5,2,IL,0.311
3,12,3,0,15,1,7,3,IL,0.311
6,12,1,1,19,5,1,2,IL,0.311
1,13,1,0,12,1,3,NaN,IL,0.311
3,3,4,1,5,4,4,1,IL,0.311
5,9,1,1,18,7,7,2,IL,0.311
3,13,1,1,16,1,6,2,IL,0.311
5,12,1,1,17,2,3,2,IL,0.311
2,10,1,1,7,1,2,2,IL,0.311
6,9,1,0,12,5,5,NaN,IL,0.311
2,10,1,1,11,1,5,2,IL,0.311
5,10,1,0,16,1,7,3,IL,0.311
6,9,1,1,11,5,7,2,IL,0.311
5,14,1,1,19,1,6,2,IL,0.311
4,12,1,1,15,2,1,1,IL,0.311
3,13,4,1,15,7,7,2,IL,0.311
6,13,1,1,13,5,7,2,IL,0.311
5,12,1,1,16,5,2,2,CA,0.267
4,10,1,1,13,1,7,3,CA,0.267
6,12,5,1,15,5,5,2,CA,0.267
7,11,1,1,12,5,1,2,CA,0.267
6,12,1,0,9,6,2,2,CA,0.267
5,14,1,0,18,1,7,2,CA,0.267
5,13,1,1,15,1,7,2,CA,0.267
2,12,3,1,17,1,3,2,CA,0.267
5,3,4,1,8,1,7,2,CA,0.267
2,13,1,1,16,1,6,2,CA,0.267
4,14,3,0,16,1,5,2,CA,0.267
4,10,2,1,16,4,7,2,CA,0.267
6,13,1,1,16,5,7,2,CA,0.267
1,10,1,0,17,1,5,1,CA,0.267
5,14,1,1,17,1,7,2,CA,0.267
1,10,4,1,15,7,6,2,CA,0.267
6,10,1,0,15,2,7,2,CA,0.267
4,12,1,1,15,1,2,2,CA,0.267
6,10,1,0,16,3,3,2,CA,0.267
2,14,1,0,17,2,3,1,CA,0.267
2,11,1,1,16,7,3,2,CA,0.267
6,8,1,0,15,5,3,2,CA,0.267
1,7,4,0,13,7,5,2,CA,0.267
2,8,1,0,12,1,7,3,CA,0.267
7,13,1,0,15,5,7,2,CA,0.267
4,10,4,1,14,1,6,2,CA,0.267
4,10,1,0,4,6,5,2,CA,0.267
5,12,1,0,19,2,3,2,CA,0.267
1,9,4,0,13,1,4,2,CA,0.267
1,10,4,0,18,7,5,2,CA,0.267
4,10,4,0,11,4,2,2,CA,0.267
7,10,2,1,8,5,4,2,CA,0.267
2,12,1,0,13,1,5,3,CA,0.267
6,11,2,0,16,5,7,2,CA,0.267
1,10,4,1,9,1,1,2,CA,0.267
5,12,1,0,16,6,7,2,CA,0.267
6,12,3,1,17,1,5,1,CA,0.267
4,13,1,0,16,2,5,2,CA,0.267
5,12,1,0,16,1,7,2,CA,0.267
5,10,1,1,14,1,7,2,CA,0.267
7,10,1,1,9,5,1,1,CA,0.267
2,9,1,0,8,1,6,2,CA,0.267
5,3,4,1,6,7,5,2,CA,0.267
6,7,4,1,3,1,5,2,CA,0.267
6,10,1,0,17,5,5,2,CA,0.267
3,10,4,1,10,1,6,1,CA,0.267
2,8,4,0,8,1,5,2,CA,0.267
5,10,3,1,16,7,1,2,CA,0.267
4,1,4,0,7,1,3,1,CA,0.267
6,9,1,1,7,5,7,3,CA,0.267
4,10,1,0,15,1,3,2,CA,0.267
2,11,2,0,10,4,5,2,CA,0.267
6,12,3,1,9,5,5,3,CA,0.267
5,14,1,1,16,5,1,2,CA,0.267
3,12,1,0,14,1,5,2,CA,0.267
3,10,1,0,15,1,2,2,CA,0.267
3,9,2,0,11,7,4,2,CA,0.267
5,11,1,0,13,4,2,1,CA,0.267
7,9,1,1,9,5,2,2,CA,0.267
5,8,3,0,7,1,5,2,CA,0.267
6,12,1,0,4,2,4,2,CA,0.267
5,10,4,0,19,1,2,1,CA,0.267
1,9,4,1,8,1,7,2,CA,0.267
6,2,4,1,4,5,6,2,CA,0.267
6,13,3,0,13,5,2,2,CA,0.267
6,13,3,1,13,5,6,2,CA,0.267
4,13,3,0,19,1,7,2,CA,0.267
5,13,1,1,14,2,5,3,CA,0.267
4,3,4,0,9,1,4,2,CA,0.267
4,3,4,0,5,1,7,2,CA,0.267
2,12,3,0,16,1,4,2,CA,0.267
4,9,4,1,6,7,6,2,CA,0.267
4,11,3,0,17,2,3,2,CA,0.267
6,9,1,0,9,5,3,1,CA,0.267
5,9,2,0,6,1,6,2,CA,0.267
1,9,4,0,15,7,6,3,CA,0.267
2,9,4,0,9,7,5,NaN,CA,0.267
1,10,1,0,6,1,1,2,CA,0.267
3,11,1,1,17,1,2,2,CA,0.267
4,14,3,1,19,1,7,3,CA,0.267
2,10,4,1,13,4,3,2,CA,0.267
2,12,1,0,4,1,5,2,CA,0.267
3,13,1,0,14,1,3,2,CA,0.267
5,8,1,1,3,3,7,2,CA,0.267
6,2,2,0,8,2,7,2,CA,0.267
3,11,2,0,7,4,2,1,CA,0.267
5,12,1,0,16,1,1,2,CA,0.267
5,9,1,1,18,5,7,2,CA,0.267
6,10,4,1,19,5,6,3,CA,0.267
3,12,1,1,16,1,1,2,CA,0.267
2,12,1,0,9,2,4,1,CA,0.267
3,12,1,1,11,1,5,2,CA,0.267
3,14,3,0,13,1,5,2,CA,0.267
3,12,1,0,12,2,2,1,CA,0.267
6,2,4,0,5,5,7,1,CA,0.267
7,9,1,0,11,5,3,2,CA,0.267
1,9,3,0,18,4,5,3,CA,0.267
5,9,1,1,13,5,6,2,CA,0.267
3,9,4,0,1,1,6,2,CA,0.267
1,10,1,1,14,1,5,2,CA,0.267
1,4,4,0,1,1,6,2,CA,0.267
3,14,3,1,16,7,6,2,CA,0.267
4,8,1,1,11,1,1,2,CA,0.267
3,9,4,1,14,7,6,2,CA,0.267
5,11,2,0,18,1,7,2,CA,0.267
7,12,1,0,11,5,3,2,CA,0.267
2,9,4,0,8,1,5,2,CA,0.267
5,8,3,1,13,5,5,2,CA,0.267
4,12,3,0,16,2,4,2,CA,0.267
6,5,4,1,13,1,6,1,CA,0.267
5,14,5,0,15,7,3,2,CA,0.267
2,13,1,0,14,1,3,2,CA,0.267
3,13,3,1,17,7,5,2,CA,0.267
2,3,4,1,5,4,5,2,CA,0.267
5,12,4,0,12,1,7,2,CA,0.267
5,10,1,1,5,6,1,2,CA,0.267
4,12,1,1,14,7,1,2,CA,0.267
2,10,4,1,7,1,2,2,CA,0.267
5,9,1,1,8,2,4,2,CA,0.267
2,12,1,0,15,1,5,2,CA,0.267
6,12,3,1,16,5,1,2,CA,0.267
3,12,1,1,13,2,5,2,CA,0.267
5,9,4,1,8,1,6,2,CA,0.267
2,9,1,1,13,1,5,1,CA,0.267
2,8,4,0,3,7,3,2,CA,0.267
5,12,1,1,17,5,6,2,CA,0.267
5,10,1,1,13,1,7,2,CA,0.267
2,10,4,0,19,1,7,1,CA,0.267
5,12,2,0,12,1,4,2,CA,0.267
2,9,1,0,1,4,3,2,CA,0.267
3,8,4,1,3,7,7,2,CA,0.267
5,2,4,0,8,1,5,2,CA,0.267
1,10,4,0,16,1,5,2,CA,0.267
3,9,1,0,11,1,5,2,CA,0.267
5,9,3,1,7,7,1,2,CA,0.267
2,10,4,1,11,4,6,3,CA,0.267
3,10,4,1,5,7,3,3,CA,0.267
4,9,2,0,19,1,7,2,CA,0.267
3,9,4,1,12,2,4,2,CA,0.267
5,13,1,1,12,5,2,2,CA,0.267
3,12,3,1,17,1,2,2,CA,0.267
5,2,4,1,10,7,5,2,CA,0.267
1,8,1,0,19,1,1,1,CA,0.267
6,13,1,0,19,1,6,2,CA,0.267
4,11,2,1,18,1,7,2,CA,0.267
5,9,1,0,8,6,3,2,CA,0.267
5,9,1,1,17,5,1,2,CA,0.267
3,13,2,0,7,1,7,2,CA,0.267
4,9,1,0,7,4,4,2,CA,0.267
2,12,1,1,17,1,7,2,CA,0.267
5,13,3,0,19,2,3,2,CA,0.267
7,10,1,1,11,5,2,2,CA,0.267
4,9,3,0,8,1,5,2,CA,0.267
2,12,1,1,15,7,2,2,CA,0.267
2,11,4,0,13,4,5,3,CA,0.267
6,4,1,1,2,5,5,2,CA,0.267
1,10,1,0,17,1,1,2,CA,0.267
3,4,4,0,10,2,4,1,CA,0.267
1,9,4,1,6,4,3,2,CA,0.267
3,10,1,0,16,1,3,2,CA,0.267
2,14,3,0,14,7,3,1,CA,0.267
3,9,4,1,7,7,4,2,CA,0.267
4,8,4,0,16,1,5,2,CA,0.267
3,13,4,0,15,1,5,1,CA,0.267
6,12,1,0,15,5,1,1,CA,0.267
5,9,1,1,5,1,1,2,CA,0.267
3,10,4,0,14,1,5,2,CA,0.267
3,7,4,1,12,1,7,2,CA,0.267
5,3,4,0,10,6,7,2,CA,0.267
1,10,4,0,13,4,6,1,CA,0.267
5,14,1,0,19,1,2,2,CA,0.267
4,9,1,0,9,1,4,2,CA,0.267
3,12,4,0,15,1,3,2,CA,0.267
4,6,4,0,12,1,1,2,CA,0.267
5,13,1,0,18,1,1,2,CA,0.267
6,13,1,1,19,5,7,2,CA,0.267
6,12,1,1,17,1,1,2,CA,0.267
4,10,4,0,11,1,1,2,CA,0.267
2,2,4,1,9,1,3,2,CA,0.267
3,10,4,0,18,6,3,1,CA,0.267
1,9,4,1,14,1,7,2,CA,0.267
5,1,4,0,9,2,6,2,CA,0.267
6,12,1,1,11,1,6,3,CA,0.267
6,13,1,1,14,5,7,2,CA,0.267
2,9,5,1,19,1,6,2,CA,0.267
1,9,1,1,2,4,3,2,CA,0.267
6,9,1,1,16,5,1,2,CA,0.267
5,11,1,1,15,1,1,1,CA,0.267
4,13,4,0,17,1,3,2,CA,0.267
4,9,1,1,12,7,4,2,CA,0.267
1,10,1,0,15,4,3,2,CA,0.267
3,1,4,0,1,4,5,2,CA,0.267
2,10,4,0,14,1,6,3,CA,0.267
5,12,1,0,16,1,6,1,CA,0.267
1,10,4,0,9,1,6,2,CA,0.267
3,11,4,0,16,1,5,2,CA,0.267
3,7,4,1,13,1,6,2,CA,0.267
4,9,4,0,12,1,5,2,CA,0.267
6,12,3,1,16,5,3,2,CA,0.267
4,3,4,1,8,1,7,2,CA,0.267
1,11,1,0,13,1,3,2,CA,0.267
2,2,4,0,13,1,6,2,CA,0.267
4,10,2,0,18,1,1,2,CA,0.267
2,13,1,1,12,4,6,2,CA,0.267
1,10,4,0,18,1,5,3,CA,0.267
4,5,4,0,7,4,3,2,CA,0.267
5,7,1,0,16,6,6,1,CA,0.267
3,9,4,1,13,1,6,2,CA,0.267
3,9,4,0,11,1,6,1,CA,0.267
3,11,1,1,16,1,5,2,CA,0.267
1,10,1,0,16,7,4,2,CA,0.267
4,8,4,1,12,7,3,1,CA,0.267
2,2,4,0,6,1,6,2,CA,0.267
6,2,3,1,10,7,6,2,CA,0.267
7,6,3,0,5,6,7,2,CA,0.267
5,12,3,0,13,1,2,1,CA,0.267
4,3,4,1,9,7,3,2,CA,0.267
3,10,1,1,11,1,1,2,CA,0.267
2,8,5,1,16,1,5,2,CA,0.267
7,10,2,1,13,5,5,2,CA,0.267
3,11,1,1,15,1,6,2,CA,0.267
6,11,1,1,10,1,3,2,CA,0.267
5,12,4,1,16,6,1,2,CA,0.267
6,11,1,1,15,5,3,2,WV,0.164
6,9,1,0,6,5,3,2,WV,0.164
6,13,1,0,13,5,7,2,WV,0.164
4,10,1,0,16,1,3,1,WV,0.164
6,9,1,0,12,2,7,2,WV,0.164
2,10,1,0,10,4,6,2,WV,0.164
1,9,1,0,16,4,1,2,WV,0.164
1,9,1,1,16,4,1,2,WV,0.164
6,9,1,1,11,7,7,2,WV,0.164
5,9,1,1,9,6,3,2,WV,0.164
2,11,1,1,4,1,6,2,WV,0.164
1,10,1,0,14,1,3,2,WV,0.164
6,12,1,1,7,5,7,2,WV,0.164
7,9,1,0,8,5,1,2,WV,0.164
6,9,1,0,13,1,3,2,WV,0.164
6,12,1,1,15,5,7,2,LA,0.125
6,10,1,0,16,1,1,2,LA,0.125
2,9,1,0,11,4,3,1,LA,0.125
3,7,1,0,15,2,5,2,LA,0.125
6,10,1,0,7,5,6,2,LA,0.125
1,1,1,1,6,7,5,2,LA,0.125
5,9,5,1,11,5,7,3,LA,0.125
1,12,1,1,17,1,6,2,LA,0.125
6,7,1,0,12,5,2,1,LA,0.125
3,12,2,0,8,2,6,1,LA,0.125
2,9,1,0,15,4,5,2,LA,0.125
4,10,1,0,6,1,1,2,LA,0.125
3,12,2,1,13,1,6,2,LA,0.125
1,9,1,1,16,1,3,2,LA,0.125
4,12,1,1,13,1,1,1,LA,0.125
5,6,1,0,17,1,6,2,LA,0.125
5,13,2,1,11,1,5,2,LA,0.125
4,9,2,1,7,1,6,2,LA,0.125
2,9,1,0,14,1,1,1,LA,0.125
5,12,2,1,10,1,7,2,LA,0.125
6,10,1,1,17,2,1,1,TX,0.215
3,12,1,0,14,1,1,2,TX,0.215
6,10,1,0,12,5,3,2,TX,0.215
1,7,4,1,2,6,2,2,TX,0.215
4,12,2,1,13,1,7,2,TX,0.215
3,10,1,0,16,1,5,2,TX,0.215
1,12,4,0,15,4,6,2,TX,0.215
3,12,1,0,19,1,2,2,TX,0.215
5,7,4,0,1,6,6,2,TX,0.215
5,13,4,1,15,1,7,2,TX,0.215
5,13,1,1,16,5,3,2,TX,0.215
1,11,4,0,4,1,6,2,TX,0.215
7,9,1,0,11,5,3,2,TX,0.215
6,9,1,0,13,5,2,2,TX,0.215
6,9,1,1,13,5,2,2,TX,0.215
3,12,4,0,17,1,5,2,TX,0.215
6,9,4,1,10,5,7,2,TX,0.215
4,10,1,1,18,1,7,2,TX,0.215
4,10,1,0,13,1,1,1,TX,0.215
1,7,1,1,11,4,2,3,TX,0.215
6,14,1,0,16,5,6,2,TX,0.215
5,8,1,0,15,1,3,2,TX,0.215
5,9,4,0,8,6,7,3,TX,0.215
6,12,1,1,12,5,5,2,TX,0.215
5,12,1,0,15,2,1,2,TX,0.215
5,12,1,1,17,5,1,2,TX,0.215
2,10,5,1,12,7,2,1,TX,0.215
7,9,1,1,8,5,1,2,TX,0.215
3,9,1,0,9,4,3,1,TX,0.215
6,11,1,1,19,5,3,2,TX,0.215
5,9,4,1,6,2,6,2,TX,0.215
6,10,1,0,14,1,1,2,TX,0.215
2,9,5,1,6,2,5,2,TX,0.215
5,9,1,1,3,6,3,2,TX,0.215
6,9,1,1,1,2,1,2,TX,0.215
2,12,4,1,13,2,3,2,TX,0.215
2,12,1,1,16,1,7,2,TX,0.215
5,9,1,0,17,1,1,2,TX,0.215
1,10,1,1,11,7,2,2,TX,0.215
7,14,1,1,16,5,7,3,TX,0.215
4,9,1,1,16,1,7,3,TX,0.215
3,9,4,1,8,4,5,2,TX,0.215
4,10,1,0,11,1,3,2,TX,0.215
4,12,1,1,15,1,2,2,TX,0.215
2,9,2,1,8,4,6,3,TX,0.215
2,9,1,0,11,4,6,2,TX,0.215
4,9,1,1,11,1,1,2,TX,0.215
7,12,1,0,12,5,1,2,TX,0.215
6,10,1,0,12,5,7,2,TX,0.215
3,14,3,0,16,1,3,2,TX,0.215
6,2,4,1,2,6,5,1,TX,0.215
5,11,1,0,9,5,2,2,TX,0.215
5,13,1,0,11,6,3,2,TX,0.215
6,9,1,0,8,5,5,1,TX,0.215
4,9,2,0,6,1,7,2,TX,0.215
5,13,1,0,14,4,1,2,TX,0.215
3,11,3,1,11,7,5,2,TX,0.215
2,10,2,0,11,1,7,3,TX,0.215
3,8,1,1,11,1,2,3,TX,0.215
4,5,1,0,12,4,3,2,TX,0.215
2,9,4,1,4,4,3,2,TX,0.215
3,12,2,1,14,1,6,2,TX,0.215
4,8,4,1,10,7,7,1,TX,0.215
4,12,4,0,17,1,5,2,TX,0.215
5,13,2,0,16,1,7,2,TX,0.215
2,13,1,1,19,7,5,2,TX,0.215
4,10,1,1,13,1,2,2,TX,0.215
3,9,4,0,4,2,5,2,TX,0.215
2,9,1,0,5,2,7,2,TX,0.215
1,9,4,0,7,4,2,1,TX,0.215
6,11,1,1,14,1,2,2,TX,0.215
3,3,4,0,10,1,7,2,TX,0.215
7,10,1,0,16,5,6,2,TX,0.215
3,10,1,0,6,1,1,1,TX,0.215
5,13,1,0,19,1,3,1,TX,0.215
4,13,1,1,13,1,5,2,TX,0.215
5,10,1,1,17,6,4,3,TX,0.215
1,9,4,0,8,1,2,2,TX,0.215
5,9,4,0,8,6,7,2,TX,0.215
2,10,2,0,15,1,7,2,TX,0.215
6,2,4,1,5,7,5,2,TX,0.215
6,12,4,1,12,5,3,3,TX,0.215
3,12,1,1,16,1,2,2,TX,0.215
6,10,4,0,7,1,7,2,TX,0.215
4,10,2,1,7,6,7,2,TX,0.215
5,9,4,1,12,1,7,2,TX,0.215
4,10,2,0,16,1,6,2,TX,0.215
5,3,4,0,11,1,6,2,TX,0.215
2,11,1,1,11,7,1,2,TX,0.215
5,10,4,1,12,1,7,2,TX,0.215
3,12,4,0,16,1,5,2,TX,0.215
2,11,1,1,10,1,7,2,TX,0.215
4,10,4,0,12,1,5,2,TX,0.215
4,12,1,0,12,1,5,1,TX,0.215
5,9,4,0,14,1,6,2,TX,0.215
4,12,2,1,13,1,6,2,TX,0.215
2,9,4,1,4,2,7,2,TX,0.215
6,14,4,0,18,1,3,2,TX,0.215
4,12,1,1,19,1,6,2,TX,0.215
6,9,4,1,8,1,5,1,TX,0.215
7,4,4,1,5,7,5,2,TX,0.215
6,7,1,1,4,5,3,2,TX,0.215
3,9,4,0,10,1,7,2,TX,0.215
4,12,1,1,12,1,1,2,TX,0.215
4,6,4,0,6,2,6,2,TX,0.215
7,9,1,1,14,5,2,1,TX,0.215
4,9,1,1,19,1,1,2,TX,0.215
5,9,4,0,9,5,4,1,TX,0.215
6,12,1,0,13,5,3,2,TX,0.215
4,5,4,1,5,7,5,1,TX,0.215
2,9,2,1,12,4,6,2,TX,0.215
7,8,1,1,9,5,1,2,TX,0.215
5,9,1,1,10,1,3,2,TX,0.215
5,9,1,1,15,5,3,1,TX,0.215
2,9,4,0,2,1,3,3,TX,0.215
6,4,2,1,11,6,7,3,TX,0.215
5,9,4,0,16,1,1,2,TX,0.215
6,3,4,1,4,5,5,2,TX,0.215
6,12,1,0,16,1,3,NaN,TX,0.215
1,10,4,0,17,1,5,2,TX,0.215
4,9,4,1,15,1,4,NaN,TX,0.215
1,12,4,1,14,1,3,2,TX,0.215
4,12,1,0,17,1,1,1,TX,0.215
2,10,4,0,14,1,5,2,TX,0.215
1,10,4,0,11,1,6,2,TX,0.215
1,9,1,1,16,7,5,1,TX,0.215
5,13,4,0,13,1,1,3,TX,0.215
1,12,3,1,16,7,3,2,NH,0.323
6,12,1,0,17,5,1,2,NH,0.323
5,13,1,0,19,1,1,2,NH,0.323
3,9,1,1,8,7,3,2,NH,0.323
4,10,4,1,15,3,2,2,NJ,0.3
6,12,1,1,12,5,1,2,NJ,0.3
3,14,1,0,19,1,4,2,NJ,0.3
6,9,1,0,15,5,3,3,NJ,0.3
7,12,1,1,15,5,7,2,NJ,0.3
7,9,1,0,11,5,6,3,NJ,0.3
2,12,1,1,11,1,5,2,NJ,0.3
6,9,1,1,7,1,7,2,NJ,0.3
6,11,1,1,13,2,3,1,NJ,0.3
5,8,1,0,11,1,2,2,NJ,0.3
5,10,1,1,11,1,1,2,NJ,0.3
2,11,1,0,17,1,2,2,NJ,0.3
2,9,1,0,18,1,1,2,NJ,0.3
2,13,1,0,16,1,5,3,NJ,0.3
1,12,5,1,16,1,2,2,NJ,0.3
6,13,1,0,19,1,2,2,NJ,0.3
1,10,4,1,13,4,6,2,NJ,0.3
5,12,1,0,18,1,2,2,NJ,0.3
6,9,1,1,6,5,2,2,NJ,0.3
4,13,1,0,16,1,1,2,NJ,0.3
4,9,1,1,17,7,2,2,NJ,0.3
4,12,1,0,12,6,4,2,NJ,0.3
2,12,1,0,16,7,6,2,NJ,0.3
4,10,2,0,12,1,5,2,NJ,0.3
4,12,4,0,13,1,5,2,NJ,0.3
4,13,1,0,16,1,7,2,NJ,0.3
7,8,1,1,7,5,7,2,NJ,0.3
2,12,3,1,19,1,3,2,NJ,0.3
5,10,5,0,16,5,5,2,NJ,0.3
1,10,1,0,19,1,2,2,NJ,0.3
4,10,1,1,16,7,3,2,NJ,0.3
3,12,4,1,14,1,1,2,NJ,0.3
7,13,1,0,16,5,1,1,NJ,0.3
2,10,4,1,12,1,6,2,NJ,0.3
4,9,1,0,17,1,3,2,NJ,0.3
7,9,1,1,19,5,2,3,NJ,0.3
4,9,1,0,17,2,1,2,NJ,0.3
7,9,1,1,8,5,5,3,NJ,0.3
5,10,1,0,13,5,3,1,NJ,0.3
6,10,1,1,12,2,5,2,NJ,0.3
2,12,5,0,14,4,7,2,NJ,0.3
6,9,1,1,12,5,1,2,NJ,0.3
4,9,1,1,14,1,2,2,NJ,0.3
1,10,1,0,16,1,2,1,NJ,0.3
4,14,2,1,18,1,6,2,NJ,0.3
4,10,4,0,6,1,7,2,NJ,0.3
5,13,1,1,10,7,2,2,NJ,0.3
6,9,1,1,16,5,2,2,NJ,0.3
3,1,1,1,5,1,5,2,NJ,0.3
4,12,1,1,14,1,2,2,NJ,0.3
3,9,1,0,16,1,5,2,NJ,0.3
6,10,1,0,11,5,5,2,NJ,0.3
2,13,1,1,16,1,2,2,NJ,0.3
4,4,4,0,6,6,3,2,NJ,0.3
6,13,1,1,12,5,7,2,NJ,0.3
6,11,1,1,14,5,3,2,NJ,0.3
2,13,3,1,17,1,3,2,NJ,0.3
4,12,1,1,18,7,1,2,WI,0.258
2,12,1,0,14,1,6,2,WI,0.258
6,9,1,1,5,5,5,2,WI,0.258
6,9,1,1,9,5,6,2,WI,0.258
3,9,1,0,12,1,1,2,WI,0.258
1,10,1,1,4,1,5,2,WI,0.258
7,9,1,0,12,5,2,2,WI,0.258
6,12,1,0,16,5,3,2,WI,0.258
6,9,1,0,13,5,4,2,WI,0.258
4,11,1,1,13,1,6,2,WI,0.258
4,11,1,1,4,6,6,3,WI,0.258
3,12,1,0,10,1,2,2,WI,0.258
5,8,3,0,17,6,1,1,WI,0.258
7,10,1,1,12,5,1,1,WI,0.258
3,10,1,0,16,1,1,2,WI,0.258
1,10,1,1,7,1,5,2,WI,0.258
4,9,1,0,14,1,5,2,WI,0.258
4,12,1,1,13,1,5,2,WI,0.258
2,10,1,1,12,1,5,2,WI,0.258
2,12,1,1,10,2,5,1,WI,0.258
6,11,1,0,11,5,3,1,WI,0.258
2,12,1,1,18,1,7,2,WI,0.258
2,9,1,0,7,1,5,2,WI,0.258
6,9,1,1,13,5,1,1,WI,0.258
6,10,1,0,7,5,3,2,WI,0.258
5,12,1,0,13,1,6,3,WI,0.258
6,11,1,1,6,5,1,1,WI,0.258
4,13,1,1,19,1,5,2,WI,0.258
3,13,1,0,19,7,6,2,WI,0.258
6,10,1,1,7,5,5,2,WI,0.258
5,10,2,1,11,1,7,3,WI,0.258
5,10,1,0,15,1,1,1,WI,0.258
4,12,1,1,16,1,3,2,WI,0.258
2,10,1,1,15,1,1,2,WI,0.258
4,13,1,1,14,1,3,2,WI,0.258
5,9,1,0,16,1,6,2,WI,0.258
3,6,4,0,14,2,5,3,WI,0.258
6,9,1,0,12,5,5,2,WI,0.258
4,9,1,0,6,7,2,2,WI,0.258
1,10,1,0,17,1,7,2,WI,0.258
4,10,1,0,17,1,1,1,WI,0.258
3,13,1,0,14,1,3,2,WI,0.258
5,9,1,1,15,1,1,2,OH,0.235
3,10,1,1,13,1,4,1,OH,0.235
5,12,2,1,14,1,3,2,OH,0.235
5,9,1,0,16,4,4,2,OH,0.235
4,9,1,0,7,6,6,2,OH,0.235
4,11,1,0,16,1,5,2,OH,0.235
6,11,1,0,13,5,2,2,OH,0.235
6,9,1,0,13,1,3,2,OH,0.235
5,9,1,1,13,1,7,2,OH,0.235
2,9,1,1,9,7,5,2,OH,0.235
4,10,1,1,17,1,2,2,OH,0.235
2,10,1,0,11,1,2,2,OH,0.235
5,9,1,0,1,4,1,2,OH,0.235
6,9,1,1,11,5,6,2,OH,0.235
4,10,1,1,10,1,1,1,OH,0.235
2,10,1,1,11,7,1,2,OH,0.235
4,9,1,0,12,1,7,2,OH,0.235
5,13,1,0,14,2,5,1,OH,0.235
3,9,1,0,9,1,2,2,OH,0.235
5,10,1,0,16,6,3,2,OH,0.235
5,11,1,1,8,1,2,2,OH,0.235
2,9,1,1,5,7,3,2,OH,0.235
5,10,1,0,6,1,4,2,OH,0.235
4,12,1,0,16,1,6,2,OH,0.235
4,9,1,1,5,1,4,NaN,OH,0.235
5,9,1,1,16,7,1,2,OH,0.235
2,9,1,0,13,1,5,2,OH,0.235
4,12,1,0,16,5,3,2,OH,0.235
6,10,1,1,10,1,6,1,OH,0.235
5,10,5,0,14,6,7,2,OH,0.235
5,10,1,1,13,1,2,2,OH,0.235
5,10,1,0,4,2,5,2,OH,0.235
4,7,1,1,9,6,2,2,OH,0.235
3,12,1,1,16,7,3,2,OH,0.235
3,11,1,1,9,1,2,2,OH,0.235
3,9,1,1,15,1,7,2,OH,0.235
3,12,1,0,19,1,7,3,OH,0.235
7,9,1,0,12,5,5,2,OH,0.235
6,14,1,0,15,5,5,3,OH,0.235
2,12,1,1,14,1,7,2,OH,0.235
3,11,1,1,19,1,5,2,OH,0.235
7,12,1,0,12,5,1,2,OH,0.235
4,9,1,0,5,6,6,3,OH,0.235
3,6,1,0,3,1,5,2,OH,0.235
5,7,2,1,1,6,7,3,OH,0.235
3,8,1,0,6,7,5,1,OH,0.235
3,1,1,0,10,1,7,1,OH,0.235
5,9,1,1,12,5,7,2,OH,0.235
7,10,1,0,11,5,7,2,OH,0.235
6,9,1,1,19,5,3,2,OH,0.235
5,8,1,1,3,6,7,3,OH,0.235
2,10,2,1,5,7,5,3,OH,0.235
4,9,1,1,13,7,1,2,OH,0.235
1,9,3,1,2,1,3,1,OH,0.235
4,9,1,1,6,1,6,2,OH,0.235
7,9,1,1,8,5,2,2,OH,0.235
6,9,1,1,9,5,5,1,OH,0.235
7,10,1,1,16,5,5,2,OH,0.235
6,9,1,1,5,7,4,2,OH,0.235
4,9,1,0,14,2,4,2,OH,0.235
3,13,1,0,16,1,5,1,OH,0.235
4,11,1,0,19,1,7,2,OH,0.235
4,11,1,0,13,1,2,2,OH,0.235
4,13,1,1,17,1,1,2,OH,0.235
4,10,1,1,11,6,3,3,OH,0.235
2,14,1,1,14,1,3,2,OH,0.235
1,12,1,0,17,1,6,2,OH,0.235
7,12,1,1,12,1,1,1,OH,0.235
7,9,1,0,9,5,6,1,OH,0.235
5,6,1,0,1,6,7,2,OH,0.235
3,9,5,0,5,1,7,1,OH,0.235
3,5,1,0,7,1,3,1,OH,0.235
2,13,1,1,10,1,1,2,MN,0.338
3,10,1,0,16,2,6,2,MN,0.338
5,13,1,1,16,1,2,3,MN,0.338
2,11,1,0,12,1,7,3,MN,0.338
5,10,1,0,17,1,7,2,MN,0.338
7,8,1,1,6,5,3,2,MN,0.338
3,12,1,0,19,1,6,1,MN,0.338
2,12,1,0,10,1,3,NaN,MN,0.338
1,9,1,0,15,1,5,2,MN,0.338
2,6,4,1,10,4,4,2,MN,0.338
5,9,1,0,10,4,4,2,MN,0.338
4,10,1,0,13,1,6,2,MN,0.338
7,9,1,1,13,5,5,2,MN,0.338
6,11,1,1,14,1,5,3,MN,0.338
2,13,1,1,17,1,6,2,MN,0.338
7,12,1,1,12,5,1,1,MN,0.338
6,13,1,1,8,5,5,2,MN,0.338
4,11,1,0,16,1,6,2,MN,0.338
4,13,1,1,16,1,7,2,MN,0.338
5,13,1,0,12,2,3,1,MN,0.338
7,9,1,1,16,5,7,2,MN,0.338
2,12,1,1,13,2,5,2,MN,0.338
5,10,4,0,14,1,3,2,MN,0.338
5,9,1,1,7,5,3,2,MN,0.338
6,9,1,1,11,5,5,1,MN,0.338
5,10,1,1,14,5,3,2,MN,0.338
3,13,1,0,15,1,7,2,MN,0.338
7,11,1,0,12,5,3,1,MN,0.338
3,12,1,1,15,2,6,2,MN,0.338
5,6,1,0,9,6,6,2,MN,0.338
5,13,1,0,16,5,5,2,MN,0.338
7,10,1,1,8,5,1,1,MN,0.338
6,9,1,1,12,5,2,2,MN,0.338
4,10,1,0,16,2,3,2,MN,0.338
6,9,1,0,14,5,5,2,MN,0.338
5,10,1,0,13,1,5,2,MN,0.338
4,8,1,0,18,5,3,2,MN,0.338
5,12,1,1,16,4,2,3,MN,0.338
5,14,5,1,12,1,6,3,MN,0.338
3,12,5,1,15,1,3,2,MN,0.338
5,12,1,0,18,5,2,2,MN,0.338
3,9,1,1,8,1,2,2,MN,0.338
4,12,1,0,17,1,6,2,MN,0.338
6,9,1,1,12,5,4,3,MN,0.338
4,12,1,1,19,1,7,2,MN,0.338
3,12,1,0,15,1,3,2,MN,0.338
2,10,1,0,15,1,3,2,MN,0.338
2,9,2,1,6,6,5,2,MN,0.338
5,9,1,1,4,6,5,2,MN,0.338
2,12,1,0,12,1,5,1,AL,0.143
4,9,2,1,6,1,6,2,AL,0.143
3,12,1,0,8,1,3,2,AL,0.143
6,9,2,1,6,5,7,2,AL,0.143
3,9,1,1,10,7,3,2,AL,0.143
1,12,2,0,10,1,7,2,AL,0.143
6,10,5,1,11,5,3,2,AL,0.143
2,10,1,1,13,7,1,2,AL,0.143
1,11,1,1,3,4,3,2,AL,0.143
4,9,1,1,14,6,1,2,AL,0.143
2,10,1,1,12,1,1,2,AL,0.143
3,14,1,0,19,1,5,2,AL,0.143
4,12,2,0,16,1,7,2,AL,0.143
7,9,1,1,4,5,1,1,AL,0.143
5,9,1,1,16,5,1,1,AL,0.143
2,13,2,1,11,1,7,2,AL,0.143
4,12,1,1,17,1,2,2,AL,0.143
6,9,2,0,8,5,7,2,AL,0.143
4,10,2,0,12,6,7,2,AL,0.143
6,12,2,1,14,1,7,2,AL,0.143
6,10,2,1,14,5,7,2,AL,0.143
2,9,1,0,13,1,1,2,AL,0.143
1,10,1,0,15,1,5,NaN,AL,0.143
6,9,1,0,7,5,1,2,AL,0.143
5,13,2,1,13,5,7,2,AL,0.143
4,8,2,1,1,6,7,1,AL,0.143
2,12,1,1,7,7,5,2,UT,0.163
5,13,1,0,16,1,1,2,UT,0.163
5,14,1,0,19,1,3,2,UT,0.163
6,12,1,0,13,5,6,2,UT,0.163
4,9,1,1,12,1,5,2,UT,0.163
2,12,5,1,11,7,3,2,UT,0.163
3,10,1,0,15,1,1,2,UT,0.163
5,9,1,0,5,4,3,2,UT,0.163
7,9,1,0,10,5,1,1,UT,0.163
7,9,5,0,7,5,2,2,UT,0.163
1,9,1,0,9,1,2,1,UT,0.163
2,8,1,0,15,1,1,2,UT,0.163
5,10,1,1,10,1,7,3,UT,0.163
2,12,1,0,11,1,1,1,UT,0.163
3,11,1,1,13,1,1,1,UT,0.163
3,11,1,1,13,7,2,2,UT,0.163
6,12,1,1,11,5,2,1,UT,0.163
3,9,1,0,12,1,3,2,UT,0.163
2,12,1,1,16,7,6,2,UT,0.163
1,10,1,1,2,1,1,2,UT,0.163
4,10,1,1,12,1,7,2,UT,0.163
2,12,1,0,13,1,3,2,UT,0.163
1,12,1,1,8,3,1,2,UT,0.163
2,10,1,0,9,1,1,1,UT,0.163
4,12,1,1,16,1,2,2,UT,0.163
4,10,5,1,10,6,5,2,HI,0.316
5,9,3,0,6,1,6,1,HI,0.316
6,7,5,0,12,1,3,2,HI,0.316
6,12,3,1,17,5,5,2,HI,0.316
6,10,5,0,10,5,4,1,HI,0.316
2,13,3,0,11,1,3,2,HI,0.316
4,13,1,0,14,1,5,2,VT,0.406
4,13,1,0,16,1,5,2,VT,0.406
4,9,1,1,19,1,6,2,VT,0.406
3,6,1,0,10,1,5,2,VT,0.406
5,11,1,1,11,1,5,3,VT,0.406
6,10,1,1,11,5,5,2,VT,0.406
1,9,1,1,7,1,6,2,VT,0.406
3,12,1,0,14,1,5,1,MI,0.189
1,10,1,0,11,7,3,2,MI,0.189
2,11,1,0,5,6,5,1,MI,0.189
1,11,1,0,16,1,2,1,MI,0.189
6,10,1,0,12,5,5,2,MI,0.189
2,12,1,0,14,1,1,2,MI,0.189
6,11,1,1,12,5,6,2,MI,0.189
3,12,1,0,14,1,5,2,MI,0.189
2,9,2,0,14,7,4,NaN,MI,0.189
6,13,1,1,16,5,7,3,MI,0.189
6,6,1,0,1,5,4,2,MI,0.189
6,14,1,1,15,5,1,2,MI,0.189
3,13,1,1,16,1,6,2,MI,0.189
2,13,1,0,17,1,2,2,MI,0.189
5,13,1,0,16,5,5,2,MI,0.189
6,10,1,1,14,5,7,3,MI,0.189
6,10,1,1,10,5,6,2,MI,0.189
2,9,2,1,10,1,7,1,MI,0.189
6,9,1,1,5,5,7,2,MI,0.189
7,10,1,1,15,5,7,3,MI,0.189
5,6,1,1,10,5,5,2,MI,0.189
5,11,2,1,16,6,7,2,MI,0.189
3,8,1,0,16,1,6,2,MI,0.189
5,13,1,1,16,1,6,2,MI,0.189
5,9,1,0,13,6,5,2,MI,0.189
3,13,1,0,12,1,3,2,MI,0.189
7,9,1,1,6,5,3,2,MI,0.189
5,11,1,1,12,5,1,2,MI,0.189
2,12,1,1,16,1,1,2,MI,0.189
3,12,1,1,11,1,6,1,MI,0.189
7,9,1,0,6,5,1,2,MI,0.189
6,9,1,0,8,5,4,2,MI,0.189
5,12,1,1,13,5,7,2,MI,0.189
2,11,4,1,12,1,6,2,MI,0.189
2,13,5,0,10,1,3,2,MI,0.189
4,10,1,1,14,7,1,1,MI,0.189
5,9,1,1,8,6,2,2,MI,0.189
3,10,1,0,12,1,1,2,MI,0.189
5,10,1,1,12,5,5,2,MI,0.189
4,12,1,0,15,1,2,2,MI,0.189
7,11,1,0,13,5,7,2,MI,0.189
3,11,1,1,17,1,1,2,MI,0.189
4,11,1,0,12,1,3,2,MI,0.189
2,10,1,1,11,1,7,2,MI,0.189
4,8,1,1,9,1,5,2,MI,0.189
5,9,1,0,11,5,3,1,MI,0.189
6,9,1,1,11,5,5,2,MI,0.189
6,12,1,0,7,5,5,2,MI,0.189
5,12,1,1,15,7,2,1,MI,0.189
6,13,1,1,17,5,5,2,MI,0.189
6,11,1,1,7,6,3,2,MI,0.189
1,10,2,0,5,1,6,2,MI,0.189
5,10,1,1,16,5,7,2,MI,0.189
5,9,1,0,12,5,5,2,MI,0.189
5,11,1,0,13,1,5,2,MI,0.189
4,9,1,0,12,1,2,1,MI,0.189
4,9,1,1,14,6,5,2,MI,0.189
7,7,1,0,9,5,1,2,MI,0.189
4,11,1,1,9,1,7,2,MI,0.189
5,9,5,0,10,6,3,2,MI,0.189
4,10,5,1,15,7,6,2,AZ,0.356
7,9,1,0,14,5,1,2,AZ,0.356
6,9,1,0,6,5,3,2,AZ,0.356
5,9,1,1,19,7,1,2,AZ,0.356
1,5,1,0,11,2,6,1,AZ,0.356
5,10,1,1,12,5,3,3,AZ,0.356
5,10,1,0,16,1,7,2,AZ,0.356
2,12,1,1,10,1,3,2,AZ,0.356
5,12,4,0,13,1,3,1,AZ,0.356
3,10,1,0,4,1,3,1,AZ,0.356
6,13,1,0,18,1,3,2,AZ,0.356
5,14,1,0,16,1,3,1,AZ,0.356
5,9,1,1,16,6,3,2,AZ,0.356
7,9,1,0,11,5,2,2,AZ,0.356
2,12,1,0,13,1,1,2,AZ,0.356
2,12,1,1,15,7,2,1,AZ,0.356
3,10,4,1,12,1,5,2,AZ,0.356
7,12,1,0,14,5,3,1,AZ,0.356
5,12,4,1,15,2,5,2,AZ,0.356
6,10,1,1,11,1,2,2,AZ,0.356
1,6,4,0,10,4,7,1,AZ,0.356
6,11,5,0,17,5,1,2,AZ,0.356
6,10,1,1,6,4,5,3,AZ,0.356
6,9,4,1,8,5,5,2,AZ,0.356
6,13,1,1,14,5,6,3,AZ,0.356
7,12,1,0,15,5,3,2,AZ,0.356
2,10,1,1,1,4,5,2,AZ,0.356
6,8,2,1,8,5,7,3,AZ,0.356
5,9,1,0,1,2,5,2,AZ,0.356
2,9,4,0,11,1,5,2,AZ,0.356
4,11,1,1,15,1,1,2,AZ,0.356
3,13,1,1,13,7,2,2,AZ,0.356
5,12,1,0,19,1,1,2,AZ,0.356
6,12,1,1,9,5,6,3,AZ,0.356
1,9,4,1,16,7,5,2,AZ,0.356
5,12,5,1,12,6,5,3,AZ,0.356
3,11,1,0,12,1,3,1,AZ,0.356
6,13,4,0,17,2,7,3,AZ,0.356
2,14,1,1,17,1,7,2,AZ,0.356
6,10,5,0,11,2,1,2,AZ,0.356
4,5,4,1,8,6,7,1,AZ,0.356
1,10,1,0,16,1,6,2,AZ,0.356
1,10,1,1,18,1,1,2,AZ,0.356
5,9,4,0,16,1,6,2,AZ,0.356
5,8,1,0,16,5,3,2,AZ,0.356
5,9,1,1,5,6,7,2,AZ,0.356
5,3,4,1,9,4,6,3,AZ,0.356
5,13,1,0,18,5,4,2,TN,0.174
5,10,1,1,14,5,1,2,TN,0.174
2,10,1,0,8,1,7,3,TN,0.174
4,4,2,1,1,6,6,1,TN,0.174
5,13,1,0,16,2,6,2,TN,0.174
6,14,1,1,16,1,5,2,TN,0.174
3,9,1,0,1,6,4,2,TN,0.174
2,9,1,1,11,1,3,1,TN,0.174
2,9,1,0,14,1,3,2,TN,0.174
3,9,1,0,10,2,1,2,TN,0.174
4,9,1,0,11,2,2,1,TN,0.174
1,9,1,0,6,1,3,2,TN,0.174
6,10,1,1,12,5,3,2,TN,0.174
7,9,1,1,6,5,1,2,TN,0.174
1,9,1,1,17,4,4,2,TN,0.174
6,13,1,0,12,5,1,2,TN,0.174
5,9,1,1,7,2,3,2,TN,0.174
7,5,1,0,7,5,4,2,TN,0.174
5,10,1,0,14,1,2,2,TN,0.174
4,9,1,0,4,6,1,2,TN,0.174
4,12,1,0,5,6,7,2,TN,0.174
2,8,1,1,1,4,5,2,TN,0.174
4,9,2,1,16,1,7,3,TN,0.174
5,9,1,1,13,1,3,2,TN,0.174
2,12,1,1,10,1,3,2,TN,0.174
1,9,1,0,16,4,5,2,TN,0.174
6,9,1,0,13,5,2,1,TN,0.174
7,9,1,0,12,5,4,2,TN,0.174
2,9,1,0,13,1,3,2,TN,0.174
3,11,1,1,13,1,6,2,TN,0.174
6,11,1,1,8,1,3,3,TN,0.174
5,10,2,1,4,1,6,2,TN,0.174
4,9,1,1,10,1,1,3,TN,0.174
2,9,2,1,11,4,7,2,TN,0.174
4,4,1,1,3,6,6,2,TN,0.174
6,9,1,1,7,5,3,2,TN,0.174
3,9,1,0,7,1,7,2,CT,0.283
6,13,1,1,17,1,7,2,CT,0.283
6,13,1,0,18,1,1,3,CT,0.283
5,11,1,1,13,1,5,2,CT,0.283
6,12,1,0,13,5,7,1,CT,0.283
4,10,1,0,19,1,3,2,CT,0.283
4,9,4,1,2,7,6,2,CT,0.283
6,9,1,0,12,2,1,2,CT,0.283
1,10,1,0,13,4,5,2,CT,0.283
5,12,1,1,16,1,5,2,CT,0.283
5,9,1,0,16,1,5,1,CT,0.283
2,13,1,1,14,1,2,2,CT,0.283
4,9,4,0,14,1,5,3,CT,0.283
6,9,1,1,19,7,1,1,CT,0.283
4,12,1,0,17,1,2,2,CT,0.283
3,14,1,0,15,1,5,1,CT,0.283
5,10,4,1,16,1,6,3,CT,0.283
7,13,1,0,16,5,3,2,CT,0.283
1,6,5,0,8,1,6,2,CT,0.283
6,9,1,1,6,6,6,2,PA,0.178
1,9,1,0,16,1,6,2,PA,0.178
6,12,1,0,14,1,1,2,PA,0.178
6,9,1,1,5,5,5,2,PA,0.178
5,10,1,0,12,6,1,2,PA,0.178
2,12,1,1,9,1,7,3,PA,0.178
5,9,2,0,13,1,7,2,PA,0.178
2,11,1,0,12,1,6,3,PA,0.178
5,9,2,1,13,5,7,2,PA,0.178
1,12,1,1,16,4,7,3,PA,0.178
5,9,1,1,15,1,2,2,PA,0.178
2,9,4,1,11,4,3,2,PA,0.178
4,12,1,0,19,2,1,2,PA,0.178
6,12,1,0,17,2,1,2,PA,0.178
2,12,1,0,16,1,5,1,PA,0.178
5,14,1,1,17,1,2,2,PA,0.178
4,12,1,0,19,1,7,2,PA,0.178
3,14,1,0,16,1,4,2,PA,0.178
4,9,1,0,12,1,7,3,PA,0.178
1,10,5,1,11,1,7,2,PA,0.178
2,9,1,0,2,7,4,2,PA,0.178
4,11,1,0,14,1,1,2,PA,0.178
5,9,1,0,11,1,6,2,PA,0.178
5,12,1,0,13,5,2,2,PA,0.178
2,9,1,1,11,1,5,2,PA,0.178
4,10,1,0,12,1,5,1,PA,0.178
3,11,1,1,16,1,2,2,PA,0.178
2,12,1,0,15,1,7,2,PA,0.178
7,12,1,1,16,5,2,2,PA,0.178
4,9,1,1,1,1,6,2,PA,0.178
5,9,1,0,15,1,7,2,PA,0.178
5,9,1,0,7,6,1,1,PA,0.178
3,11,1,0,10,1,3,2,PA,0.178
5,9,1,0,17,1,1,2,PA,0.178
6,9,1,0,13,5,3,2,PA,0.178
5,9,1,0,16,1,5,2,PA,0.178
2,12,1,0,13,1,2,2,PA,0.178
5,9,2,1,7,5,5,2,PA,0.178
4,13,1,0,16,1,7,2,PA,0.178
6,9,1,1,11,1,1,2,PA,0.178
5,9,1,0,8,5,1,2,PA,0.178
4,14,3,1,18,1,3,1,PA,0.178
2,11,1,1,13,1,7,2,PA,0.178
5,9,1,1,12,5,7,3,PA,0.178
6,9,1,1,10,1,3,2,PA,0.178
6,10,1,1,11,5,2,2,PA,0.178
6,10,1,1,4,2,7,2,PA,0.178
5,9,1,1,17,1,3,2,PA,0.178
6,10,1,0,14,5,5,1,PA,0.178
5,9,1,1,6,6,4,2,PA,0.178
7,9,1,0,13,1,2,2,PA,0.178
3,13,1,1,15,1,7,2,PA,0.178
1,11,2,0,6,1,7,2,PA,0.178
4,9,1,1,12,1,7,2,PA,0.178
6,10,2,1,10,5,7,2,PA,0.178
5,11,1,0,16,1,2,2,PA,0.178
3,10,2,1,7,1,3,1,PA,0.178
5,10,1,0,3,1,2,2,PA,0.178
6,9,1,1,8,5,3,2,PA,0.178
5,11,2,1,7,1,7,2,PA,0.178
6,14,1,0,18,5,2,2,PA,0.178
4,14,3,1,16,1,7,2,PA,0.178
6,10,1,0,15,1,1,2,PA,0.178
6,13,1,1,12,5,5,2,PA,0.178
2,12,1,0,9,1,6,2,PA,0.178
5,9,1,1,13,1,1,2,PA,0.178
3,12,1,1,15,1,7,2,PA,0.178
2,12,1,0,19,1,1,2,PA,0.178
5,9,1,0,17,1,2,2,PA,0.178
3,13,1,1,18,1,2,2,PA,0.178
3,10,2,0,17,2,7,2,PA,0.178
5,12,1,1,13,1,1,1,PA,0.178
4,12,1,1,16,1,1,2,PA,0.178
3,10,1,0,12,1,3,2,PA,0.178
5,9,1,0,9,5,7,2,PA,0.178
5,9,1,1,12,1,3,2,PA,0.178
1,10,3,0,1,7,6,2,PA,0.178
4,10,2,0,16,1,5,2,PA,0.178
4,9,1,0,11,1,4,2,PA,0.178
2,9,1,1,16,1,4,2,PA,0.178
5,9,1,0,1,1,5,2,PA,0.178
3,6,1,0,7,1,4,2,PA,0.178
4,10,4,1,12,1,5,2,PA,0.178
2,9,4,0,10,1,6,2,PA,0.178
5,9,1,0,13,1,4,1,PA,0.178
1,11,1,0,14,1,2,2,PA,0.178
5,12,1,1,13,1,7,3,PA,0.178
3,13,1,1,16,1,2,2,PA,0.178
5,9,1,1,13,1,1,2,PA,0.178
5,10,1,0,11,4,2,1,PA,0.178
3,14,1,1,16,2,6,2,PA,0.178
4,9,1,0,15,6,3,2,PA,0.178
5,9,1,1,11,2,2,2,PA,0.178
4,12,1,0,6,4,5,1,PA,0.178
2,10,1,1,8,1,3,2,PA,0.178
2,13,1,1,19,1,1,1,PA,0.178
1,9,1,1,14,1,3,2,PA,0.178
2,11,1,1,12,4,5,2,PA,0.178
2,9,1,1,1,6,7,2,PA,0.178
3,13,4,1,14,1,6,2,NM,0.286
5,11,1,1,13,1,1,1,NM,0.286
3,13,1,0,16,1,2,2,NM,0.286
5,10,5,1,11,5,6,2,NM,0.286
4,11,4,1,19,1,1,2,NM,0.286
3,13,1,1,14,1,6,1,NM,0.286
4,5,4,1,9,1,6,2,NM,0.286
5,9,4,1,10,7,6,2,NM,0.286
3,9,3,1,19,4,2,2,NM,0.286
5,9,2,1,7,5,2,2,NY,0.211
5,12,1,1,14,5,3,2,NY,0.211
6,9,3,0,2,5,7,2,NY,0.211
4,11,1,0,17,1,7,2,NY,0.211
6,12,1,0,12,4,7,2,NY,0.211
6,9,2,0,13,6,7,2,NY,0.211
3,12,1,1,15,7,6,3,NY,0.211
3,10,4,1,16,7,7,2,NY,0.211
1,11,4,0,17,2,6,1,NY,0.211
5,13,1,0,16,1,6,2,NY,0.211
5,9,5,1,4,6,5,3,NY,0.211
4,9,1,1,9,1,3,3,NY,0.211
5,14,5,1,16,1,3,2,NY,0.211
6,9,1,0,17,5,1,2,NY,0.211
6,9,1,1,1,5,5,2,NY,0.211
2,10,4,1,6,7,7,2,NY,0.211
2,13,1,0,13,1,5,3,NY,0.211
5,9,1,1,8,5,2,2,NY,0.211
5,9,1,1,15,1,3,2,NY,0.211
6,9,4,0,14,5,7,2,NY,0.211
6,13,1,1,15,2,7,2,NY,0.211
5,10,1,1,16,6,6,2,NY,0.211
3,10,1,0,18,2,5,2,NY,0.211
1,10,1,0,12,1,3,2,NY,0.211
4,12,1,1,18,1,3,3,NY,0.211
2,10,1,1,9,1,3,3,NY,0.211
3,14,1,0,16,1,6,2,NY,0.211
4,10,2,1,17,5,7,2,NY,0.211
7,9,5,1,13,5,7,3,NY,0.211
5,13,1,1,16,1,1,1,NY,0.211
5,11,1,1,17,4,3,2,NY,0.211
6,14,1,0,16,5,2,2,NY,0.211
4,10,1,0,16,3,1,1,NY,0.211
5,9,1,1,10,5,4,1,NY,0.211
7,11,1,0,8,5,1,2,NY,0.211
5,13,2,0,14,1,7,2,NY,0.211
6,12,1,1,16,5,5,3,NY,0.211
2,10,3,0,10,1,5,2,NY,0.211
2,11,1,1,12,1,4,NaN,NY,0.211
4,10,1,0,16,5,2,2,NY,0.211
7,12,1,0,19,5,7,3,NY,0.211
2,12,1,0,7,1,7,2,NY,0.211
3,12,1,1,16,1,1,1,NY,0.211
3,12,1,0,18,1,7,2,NY,0.211
1,9,1,1,6,4,2,2,NY,0.211
5,9,3,1,2,6,1,2,NY,0.211
3,13,4,0,18,1,5,2,NY,0.211
6,7,1,0,13,1,3,2,NY,0.211
2,10,2,0,4,1,7,1,NY,0.211
5,10,1,1,19,5,5,2,NY,0.211
3,12,1,1,15,1,1,1,NY,0.211
5,12,1,1,16,1,5,3,NY,0.211
1,10,1,0,6,7,4,NaN,NY,0.211
5,9,1,0,9,2,7,2,NY,0.211
5,9,4,1,19,2,6,2,NY,0.211
2,12,1,0,2,1,7,2,NY,0.211
2,12,1,1,11,1,5,3,NY,0.211
5,14,1,1,19,1,4,2,NY,0.211
4,9,3,0,4,1,3,2,NY,0.211
5,12,1,0,10,1,3,2,NY,0.211
2,9,1,0,12,1,1,2,NY,0.211
4,10,1,1,19,1,3,2,NY,0.211
6,13,1,0,16,5,1,2,NY,0.211
5,10,1,0,15,2,2,1,NY,0.211
5,12,1,0,16,1,3,2,NY,0.211
6,9,4,0,8,6,7,2,NY,0.211
5,12,1,0,15,1,1,1,NY,0.211
1,9,4,0,7,4,7,2,NY,0.211
6,10,1,1,19,5,1,2,NY,0.211
6,10,1,1,10,5,6,3,NY,0.211
6,9,1,0,10,5,7,3,NY,0.211
4,14,1,0,19,1,2,2,NY,0.211
4,11,1,1,6,6,6,2,NY,0.211
6,10,1,1,14,5,6,1,NY,0.211
3,9,1,1,5,6,4,1,NY,0.211
5,13,1,0,15,5,1,2,NY,0.211
4,9,1,0,9,2,2,1,NY,0.211
2,12,1,0,15,1,5,2,NY,0.211
3,12,1,0,17,1,1,1,NY,0.211
4,12,1,1,16,1,7,2,NY,0.211
5,12,1,0,12,4,2,2,NY,0.211
2,10,4,1,12,2,2,2,NY,0.211
4,12,1,1,7,6,1,1,NY,0.211
5,13,1,0,18,1,7,2,NY,0.211
1,9,4,0,5,1,5,2,NY,0.211
7,13,1,0,17,1,7,2,NY,0.211
4,12,4,1,18,1,6,1,NY,0.211
4,11,1,1,13,1,5,2,NY,0.211
2,7,1,1,3,4,5,1,NY,0.211
1,12,5,1,13,4,2,2,NY,0.211
2,12,1,1,17,7,7,2,NY,0.211
2,12,1,0,9,1,5,2,NY,0.211
2,14,3,0,15,1,6,2,NY,0.211
2,9,1,1,4,7,5,2,NY,0.211
6,3,4,0,14,5,7,2,NY,0.211
2,12,1,0,16,1,6,1,NY,0.211
3,12,1,0,12,1,1,1,NY,0.211
3,13,1,0,9,7,2,2,NY,0.211
1,5,1,0,4,2,5,1,NY,0.211
2,10,4,1,11,1,7,2,NY,0.211
3,12,1,0,5,1,1,2,NY,0.211
7,14,1,0,19,2,5,3,NY,0.211
4,9,1,1,12,4,3,2,NY,0.211
5,10,2,1,10,5,7,2,NY,0.211
4,10,1,0,12,1,5,2,NY,0.211
5,12,1,1,11,1,7,2,NY,0.211
6,3,2,1,7,6,7,1,NY,0.211
4,9,1,1,13,7,7,2,NY,0.211
4,10,1,1,13,1,5,2,NY,0.211
2,12,2,1,13,1,7,2,NY,0.211
2,7,2,1,8,7,7,2,NY,0.211
5,7,1,1,8,6,3,2,NY,0.211
4,3,4,1,5,1,5,2,NY,0.211
4,13,1,1,18,1,7,2,NY,0.211
5,9,1,1,4,5,6,2,NY,0.211
5,10,2,1,16,5,6,3,NY,0.211
6,9,1,1,10,5,5,2,IA,0.233
7,9,1,1,15,5,1,2,IA,0.233
2,12,1,0,12,1,5,2,IA,0.233
5,9,1,0,12,5,5,2,IA,0.233
5,9,1,0,13,6,6,1,IA,0.233
6,13,1,0,15,5,7,2,IA,0.233
3,9,1,1,16,1,4,2,IA,0.233
5,13,1,1,13,5,7,2,IA,0.233
4,10,1,1,12,1,2,1,IA,0.233
6,9,1,0,11,5,1,2,IA,0.233
5,9,1,1,6,6,5,2,IA,0.233
5,10,1,0,10,1,5,2,IA,0.233
5,9,1,1,11,7,7,2,IA,0.233
5,12,1,0,18,1,5,2,IA,0.233
2,13,1,0,16,1,7,2,IA,0.233
5,10,1,0,16,1,5,2,IA,0.233
4,11,1,1,16,1,3,2,IA,0.233
4,13,1,1,16,1,5,2,IA,0.233
3,12,1,1,16,7,3,1,IA,0.233
5,9,1,0,14,1,1,1,GA,0.225
3,13,1,1,19,1,6,2,GA,0.225
2,9,1,1,12,7,6,2,GA,0.225
4,10,1,0,11,2,7,1,GA,0.225
5,9,2,1,6,5,5,2,GA,0.225
5,13,1,0,19,1,3,2,GA,0.225
6,9,1,1,11,5,3,2,GA,0.225
2,9,1,0,8,1,4,2,GA,0.225
3,9,1,0,15,1,2,2,GA,0.225
7,10,1,0,10,5,1,2,GA,0.225
5,12,1,1,17,5,7,2,GA,0.225
3,11,1,0,6,2,7,2,GA,0.225
2,13,2,1,7,1,7,2,GA,0.225
6,9,1,1,16,5,7,3,GA,0.225
4,11,2,1,9,1,5,2,GA,0.225
7,12,1,1,13,5,2,2,GA,0.225
5,9,1,0,3,4,2,1,GA,0.225
5,13,2,1,16,1,7,2,GA,0.225
3,9,1,0,14,1,3,2,GA,0.225
6,9,1,1,4,5,1,2,GA,0.225
4,13,1,1,15,1,1,2,GA,0.225
6,10,1,1,15,1,3,1,GA,0.225
1,9,1,0,3,4,4,2,GA,0.225
7,9,1,1,8,5,3,1,GA,0.225
5,9,1,0,9,6,1,2,GA,0.225
7,10,1,1,13,5,2,2,GA,0.225
7,12,1,0,13,1,1,2,GA,0.225
4,11,1,0,16,1,1,1,GA,0.225
5,12,1,0,18,2,1,3,GA,0.225
5,9,1,0,16,1,1,2,GA,0.225
5,10,1,1,13,2,3,1,GA,0.225
4,9,1,1,16,1,2,2,GA,0.225
2,7,2,0,16,1,7,3,GA,0.225
2,12,1,1,13,7,3,2,GA,0.225
1,11,2,0,9,1,5,2,GA,0.225
2,11,1,1,7,6,7,3,GA,0.225
3,10,2,0,19,2,7,2,GA,0.225
3,10,1,0,15,1,2,2,GA,0.225
1,10,1,1,12,1,2,2,GA,0.225
1,7,2,1,1,7,3,NaN,GA,0.225
5,9,1,1,11,1,2,2,GA,0.225
5,6,1,1,4,1,5,2,GA,0.225
2,11,1,1,13,1,1,2,CO,0.41
3,10,1,0,19,1,5,2,CO,0.41
4,11,1,0,16,1,1,2,CO,0.41
1,10,1,0,9,1,5,2,CO,0.41
6,12,1,1,12,5,1,2,CO,0.41
1,6,4,0,10,4,6,3,CO,0.41
6,11,1,0,13,2,6,2,CO,0.41
4,9,1,1,3,7,3,2,CO,0.41
3,9,1,1,16,1,5,2,CO,0.41
6,10,1,1,12,5,2,2,CO,0.41
2,12,1,1,15,1,1,2,CO,0.41
5,11,1,0,13,5,3,2,CO,0.41
3,12,1,1,16,1,1,1,CO,0.41
7,10,1,0,15,5,1,2,CO,0.41
3,10,1,0,11,4,5,2,CO,0.41
7,9,1,0,12,5,6,2,CO,0.41
6,10,1,1,16,5,5,3,CO,0.41
4,13,1,1,18,1,6,2,CO,0.41
6,14,1,0,17,5,7,2,CO,0.41
4,12,1,1,14,1,7,2,CO,0.41
6,10,1,0,14,5,5,2,CO,0.41
4,10,5,1,7,1,5,2,CO,0.41
3,9,4,1,1,4,6,2,CO,0.41
5,14,1,0,19,1,6,1,CO,0.41
2,11,1,0,16,1,6,1,CO,0.41
4,10,1,1,12,5,1,2,OR,0.3
5,9,5,0,12,1,3,2,OR,0.3
7,12,4,0,12,5,7,2,OR,0.3
6,12,1,0,16,5,6,2,OR,0.3
1,10,1,0,6,1,5,2,OR,0.3
2,10,5,1,12,1,3,2,OR,0.3
2,10,1,1,16,1,3,2,OR,0.3
5,10,1,0,14,1,3,1,OR,0.3
2,12,1,1,13,1,7,2,OR,0.3
3,14,1,0,16,1,5,2,OR,0.3
6,9,5,1,7,5,6,1,OR,0.3
5,9,1,0,8,1,1,1,OR,0.3
3,13,1,1,10,1,7,2,OR,0.3
5,10,1,0,7,1,1,1,OR,0.3
4,9,1,1,12,5,1,2,OR,0.3
4,9,1,0,11,6,7,2,OR,0.3
3,10,1,1,6,7,5,2,OR,0.3
4,10,1,1,2,1,2,2,OR,0.3
3,9,1,1,16,1,6,2,OR,0.3
5,9,1,0,13,1,6,2,OR,0.3
2,9,1,1,10,4,5,2,OR,0.3
4,12,3,0,19,2,7,2,OR,0.3
5,8,1,1,8,1,1,2,OR,0.3
3,9,1,1,4,2,1,2,OR,0.3
1,10,1,0,2,4,3,2,AR,0.17
3,9,1,1,6,1,1,2,AR,0.17
3,7,2,0,4,6,6,2,AR,0.17
2,10,1,0,13,1,4,NaN,AR,0.17
5,10,1,1,10,7,1,2,AR,0.17
7,9,1,0,4,5,7,3,AR,0.17
4,12,2,0,16,1,5,2,AR,0.17
7,10,1,0,13,2,3,2,AR,0.17
1,9,1,1,4,1,5,3,AR,0.17
6,9,1,1,8,1,7,2,AR,0.17
5,12,1,0,17,1,1,1,AR,0.17
6,11,1,1,13,5,7,2,AR,0.17
4,11,2,1,8,1,7,2,AR,0.17
3,5,1,0,15,1,3,2,AR,0.17
3,12,3,1,15,1,3,2,AR,0.17
4,12,1,1,18,1,2,2,AR,0.17
3,12,1,1,17,2,6,3,NV,0.27
3,12,2,1,7,1,5,2,NV,0.27
5,10,1,0,11,1,1,2,NV,0.27
6,12,3,1,14,5,7,1,NV,0.27
2,12,1,1,15,6,1,2,NV,0.27
6,9,1,1,15,5,6,2,NV,0.27
6,9,1,0,9,5,7,2,NV,0.27
4,4,5,0,13,6,6,2,NV,0.27
6,9,1,1,8,5,6,2,NV,0.27
6,14,1,0,6,1,7,3,NV,0.27
5,13,1,1,16,5,3,2,NV,0.27
5,12,1,0,17,1,5,2,NV,0.27
4,12,1,0,17,1,3,2,WA,0.327
2,10,1,0,11,1,5,2,WA,0.327
2,11,3,0,14,1,6,3,WA,0.327
3,13,4,0,13,1,7,2,WA,0.327
3,12,1,1,14,1,5,2,WA,0.327
4,13,1,0,15,1,5,2,WA,0.327
4,13,5,1,12,1,6,2,WA,0.327
5,9,1,1,9,1,4,2,WA,0.327
2,9,1,0,13,4,7,2,WA,0.327
4,13,1,1,16,2,7,3,WA,0.327
4,11,1,1,19,1,3,2,WA,0.327
5,13,1,1,17,2,4,2,WA,0.327
6,9,1,0,12,5,5,1,WA,0.327
5,11,1,1,16,1,6,2,WA,0.327
5,14,1,1,18,1,6,3,WA,0.327
6,12,1,0,12,5,1,2,WA,0.327
7,12,1,1,12,5,3,1,WA,0.327
2,12,1,1,11,1,1,1,WA,0.327
7,9,1,1,4,5,2,2,WA,0.327
6,9,1,1,12,5,2,1,WA,0.327
7,11,5,0,13,5,3,2,WA,0.327
3,5,4,0,12,1,5,2,WA,0.327
6,10,1,0,11,5,7,2,WA,0.327
1,9,1,1,13,7,1,2,WA,0.327
4,10,1,0,4,6,5,2,WA,0.327
6,9,1,0,13,5,2,2,WA,0.327
2,11,1,1,12,3,7,2,WA,0.327
7,10,1,1,6,5,7,2,WA,0.327
5,10,1,0,16,1,3,2,WA,0.327
4,13,4,1,17,1,7,2,WA,0.327
2,12,1,0,15,2,5,3,WA,0.327
2,9,2,1,13,1,7,2,WA,0.327
7,4,1,0,12,5,3,2,WA,0.327
1,10,1,1,16,4,6,2,WA,0.327
5,9,1,0,17,1,3,2,WA,0.327
4,13,1,0,13,1,4,NaN,WA,0.327
2,7,4,0,10,4,5,1,WA,0.327
4,13,1,0,18,1,7,2,WA,0.327
3,9,1,0,15,1,5,2,WA,0.327
2,9,5,1,1,7,6,3,WA,0.327
1,8,1,0,7,7,6,NaN,WA,0.327
4,9,1,0,12,1,6,2,WA,0.327
4,12,1,0,19,1,3,2,WA,0.327
1,9,2,0,7,3,1,1,WA,0.327
6,10,1,0,9,1,3,2,NC,0.218
1,10,1,1,16,1,3,2,NC,0.218
2,12,1,0,16,1,6,2,NC,0.218
3,14,1,0,14,1,5,2,NC,0.218
5,9,1,1,12,4,3,1,NC,0.218
7,13,1,0,17,5,3,2,NC,0.218
1,9,1,0,9,1,3,2,NC,0.218
7,9,1,0,7,6,3,2,NC,0.218
2,10,1,1,5,1,3,2,NC,0.218
6,9,1,1,6,5,2,2,NC,0.218
1,10,1,1,16,1,1,2,NC,0.218
6,12,1,0,9,5,3,2,NC,0.218
3,14,1,0,16,1,1,1,NC,0.218
5,12,1,0,16,1,3,2,NC,0.218
4,11,4,1,11,1,5,2,NC,0.218
2,12,1,1,14,1,7,3,NC,0.218
4,13,3,0,12,1,5,2,NC,0.218
5,10,5,0,15,1,3,2,NC,0.218
6,10,1,0,13,5,1,2,NC,0.218
5,9,1,1,13,1,2,2,NC,0.218
4,12,1,1,14,1,7,3,NC,0.218
3,14,5,0,19,2,3,2,NC,0.218
5,9,1,0,4,6,3,2,NC,0.218
4,14,1,1,18,2,3,2,NC,0.218
3,11,1,0,13,1,3,2,NC,0.218
2,14,1,1,15,1,6,2,NC,0.218
5,9,2,1,4,1,7,2,NC,0.218
5,11,5,0,15,1,1,2,NC,0.218
3,12,1,1,19,1,3,3,NC,0.218
4,6,1,1,2,1,3,2,NC,0.218
5,9,1,1,17,1,2,2,NC,0.218
3,13,2,0,8,2,7,1,NC,0.218
1,7,1,1,1,4,3,2,NC,0.218
3,9,1,0,11,1,2,2,NC,0.218
3,10,2,1,7,1,7,2,NC,0.218
5,10,1,1,16,2,7,3,NC,0.218
2,11,2,0,13,6,7,2,NC,0.218
5,13,4,0,14,1,5,NaN,NC,0.218
3,9,4,0,5,1,6,2,NC,0.218
6,10,1,1,6,5,1,1,NC,0.218
5,9,1,0,13,6,4,1,NC,0.218
5,1,1,0,1,6,3,2,NC,0.218
1,10,1,1,10,4,5,2,NC,0.218
1,10,1,0,17,1,3,2,NC,0.218
2,10,2,1,7,1,7,1,NC,0.218
3,12,2,0,11,1,7,3,NC,0.218
3,9,1,0,7,6,3,2,NC,0.218
5,12,1,0,18,1,7,3,NC,0.218
3,14,1,0,14,1,3,2,NC,0.218
4,4,4,0,11,1,4,NaN,NC,0.218
4,12,2,1,12,1,6,2,NC,0.218
4,10,1,1,11,1,3,2,NC,0.218
6,3,3,1,1,7,7,2,NC,0.218
3,10,2,1,3,7,7,2,NC,0.218
1,10,1,1,8,1,2,1,NC,0.218
5,9,1,0,5,5,4,2,MD,0.303
2,12,1,1,12,1,5,2,MD,0.303
6,14,1,0,17,1,3,1,MD,0.303
1,12,1,0,14,1,4,2,MD,0.303
2,7,1,1,10,7,6,2,MD,0.303
5,13,1,0,19,1,3,2,MD,0.303
5,11,2,1,14,2,6,2,MD,0.303
6,13,1,0,16,5,1,2,MD,0.303
4,9,2,1,8,1,7,1,MD,0.303
3,11,2,1,14,1,6,2,MD,0.303
4,11,1,1,14,7,7,2,MD,0.303
3,13,1,0,19,3,4,2,MD,0.303
2,9,2,0,7,1,5,2,MD,0.303
4,9,1,0,16,1,6,2,MD,0.303
7,10,2,0,15,5,6,2,MD,0.303
2,11,1,0,12,1,1,2,MD,0.303
7,9,1,0,12,5,2,2,MD,0.303
5,8,2,1,1,6,7,3,MD,0.303
7,9,1,1,9,5,5,2,MD,0.303
5,8,2,0,14,5,7,2,MD,0.303
4,9,1,0,10,1,3,2,MD,0.303
2,13,1,1,18,1,6,2,MD,0.303
7,9,5,0,13,5,3,2,MD,0.303
7,14,1,0,18,5,7,2,MD,0.303
3,10,1,1,16,1,6,2,MD,0.303
4,13,1,1,18,1,5,2,MD,0.303
3,13,1,0,17,1,2,1,MD,0.303
7,9,2,1,5,5,7,2,MD,0.303
5,10,1,1,16,1,3,2,MD,0.303
1,9,1,0,17,1,3,2,MD,0.303
5,14,1,1,17,2,7,3,MD,0.303
6,10,1,0,8,1,1,2,SC,0.129
4,10,1,1,11,4,3,2,SC,0.129
4,10,1,1,14,2,1,2,SC,0.129
7,8,2,1,15,5,7,2,SC,0.129
6,7,1,1,13,5,2,1,SC,0.129
5,10,1,1,9,4,5,3,SC,0.129
3,12,1,1,17,7,5,3,SC,0.129
5,12,1,1,12,2,5,2,SC,0.129
6,9,1,0,12,5,2,2,SC,0.129
5,10,1,1,5,1,5,2,SC,0.129
5,12,1,0,19,5,5,2,SC,0.129
1,9,2,1,6,7,7,2,SC,0.129
6,10,1,0,16,5,3,2,SC,0.129
5,8,2,1,8,6,6,1,SC,0.129
4,12,1,1,18,5,5,2,SC,0.129
6,5,2,1,19,2,5,1,SC,0.129
7,9,1,0,9,5,6,2,SC,0.129
5,9,1,0,16,1,2,2,SC,0.129
4,9,1,1,16,7,7,2,SC,0.129
3,9,2,0,5,4,6,3,SC,0.129
6,12,1,0,17,5,3,2,SC,0.129
4,11,1,1,9,1,1,2,SC,0.129
5,12,1,0,7,5,6,1,SC,0.129
6,13,1,0,15,5,5,2,SC,0.129
2,9,1,0,6,4,6,2,SC,0.129
4,9,1,1,16,1,2,2,SC,0.129
6,9,2,0,6,6,7,3,SC,0.129
2,11,4,1,16,1,7,2,SC,0.129
7,10,1,1,13,5,2,2,SC,0.129
2,9,1,0,1,6,5,2,SC,0.129
3,11,1,0,12,1,2,2,SC,0.129
5,9,1,0,10,5,7,2,ID,0.267
4,10,1,1,9,4,6,3,ID,0.267
4,10,1,1,18,1,3,2,ID,0.267
2,11,1,1,12,7,2,2,ID,0.267
6,9,1,0,11,1,1,2,ID,0.267
4,10,1,0,16,1,2,2,ID,0.267
4,10,1,0,13,7,3,2,ID,0.267
3,12,1,1,15,1,1,1,ID,0.267
4,13,1,0,15,1,7,2,ID,0.267
1,12,1,0,16,1,6,2,IN,0.2
1,9,4,0,11,4,4,NaN,IN,0.2
5,9,1,0,12,1,3,NaN,IN,0.2
7,11,1,1,14,5,3,1,IN,0.2
2,12,1,0,9,1,5,2,IN,0.2
1,10,1,0,17,1,3,2,IN,0.2
1,12,1,1,17,1,2,2,IN,0.2
2,11,2,1,13,7,5,2,IN,0.2
2,10,1,1,12,7,1,2,IN,0.2
5,9,1,0,14,1,5,2,IN,0.2
6,9,1,0,10,5,7,2,IN,0.2
3,9,1,1,14,7,3,2,IN,0.2
2,10,1,0,10,1,5,2,IN,0.2
1,9,1,0,9,1,1,2,IN,0.2
5,9,1,0,9,6,1,1,IN,0.2
6,9,1,1,4,5,6,2,IN,0.2
4,9,1,1,14,7,1,2,IN,0.2
6,11,1,1,12,5,5,2,IN,0.2
3,9,1,1,5,1,1,1,IN,0.2
2,12,1,0,16,1,5,3,IN,0.2
7,9,1,0,12,5,5,2,IN,0.2
5,9,1,1,8,1,1,2,IN,0.2
5,13,1,1,18,5,2,2,IN,0.2
4,9,1,0,16,1,6,2,IN,0.2
5,9,1,0,7,6,7,2,IN,0.2
3,12,1,0,12,1,3,1,IN,0.2
4,10,2,1,15,2,6,2,IN,0.2
3,10,1,0,16,1,3,2,IN,0.2
5,10,1,1,14,2,2,2,IN,0.2
6,5,3,1,11,5,5,2,IN,0.2
5,12,1,1,13,1,5,2,IN,0.2
3,12,1,1,16,2,1,2,IN,0.2
5,9,1,1,6,6,3,2,IN,0.2
5,9,1,0,11,1,1,2,IN,0.2
4,13,1,0,16,1,3,2,IN,0.2
6,9,1,1,10,1,5,1,IN,0.2
2,11,1,0,13,1,5,2,IN,0.2
5,12,1,1,16,1,6,2,IN,0.2
6,9,1,1,1,4,5,2,IN,0.2
4,13,1,1,16,7,1,2,IN,0.2
1,1,4,1,3,3,3,1,IN,0.2
2,13,1,1,15,7,6,2,KS,0.248
5,11,5,0,16,1,3,2,KS,0.248
1,7,4,1,17,1,6,1,KS,0.248
1,12,1,0,16,1,2,2,KS,0.248
1,9,2,0,5,7,6,2,KS,0.248
6,13,1,1,12,2,5,2,KS,0.248
4,12,1,0,19,1,3,2,KS,0.248
5,12,1,1,19,1,7,3,KS,0.248
2,13,1,0,14,1,5,2,KS,0.248
5,3,4,0,8,1,4,2,KS,0.248
2,13,1,0,11,1,2,2,KS,0.248
5,11,1,1,13,1,7,2,KS,0.248
5,9,1,1,9,1,6,2,KS,0.248
4,12,1,1,12,1,3,2,KS,0.248
3,10,1,1,15,1,2,1,KS,0.248
6,9,1,0,11,5,4,3,NE,0.204
4,10,1,1,7,2,3,3,NE,0.204
4,10,1,0,16,1,2,2,NE,0.204
4,9,1,1,3,1,5,2,NE,0.204
5,9,1,0,16,1,3,3,NE,0.204
2,9,1,1,6,7,3,1,NE,0.204
5,11,1,1,11,2,7,3,NE,0.204
5,9,1,1,13,1,3,2,NE,0.204
2,11,1,1,15,1,5,2,NE,0.204
5,9,1,1,17,2,2,2,NE,0.204
3,12,1,1,16,7,6,2,NE,0.204
5,9,2,0,10,6,7,2,KY,0.181
4,7,1,0,10,4,7,2,KY,0.181
5,13,1,0,13,1,6,2,KY,0.181
6,9,1,0,12,5,1,2,KY,0.181
1,10,1,1,10,1,2,2,KY,0.181
3,12,1,1,8,2,6,2,KY,0.181
4,9,1,0,13,1,6,2,KY,0.181
2,3,3,0,11,2,3,1,KY,0.181
2,12,1,0,14,7,5,2,KY,0.181
1,8,1,0,8,7,4,2,KY,0.181
7,9,1,1,8,5,1,2,KY,0.181
5,13,1,0,16,5,1,2,KY,0.181
6,9,1,1,19,6,7,2,KY,0.181
2,6,1,1,1,7,6,2,KY,0.181
2,6,1,1,9,1,6,2,KY,0.181
6,11,1,1,19,5,7,2,KY,0.181
5,9,1,0,7,5,6,2,KY,0.181
3,9,1,0,12,1,6,3,KY,0.181
3,13,1,1,16,1,7,3,KY,0.181
1,9,5,0,6,2,5,2,KY,0.181
5,9,1,0,14,2,2,1,KY,0.181
3,11,1,1,6,4,2,2,KY,0.181
5,14,2,0,16,1,6,2,KY,0.181
5,9,1,0,11,6,7,3,KY,0.181
3,9,1,1,13,2,5,2,KY,0.181
5,13,1,1,18,5,6,2,KY,0.181
6,9,1,1,10,5,3,1,KY,0.181
3,11,1,1,12,2,1,2,KY,0.181
5,9,1,1,16,1,1,2,KY,0.181
2,13,1,1,12,4,5,3,KY,0.181
5,13,1,1,12,5,1,2,KY,0.181
4,9,1,1,7,2,3,2,KY,0.181
2,12,1,1,14,1,6,3,KY,0.181
3,9,1,1,8,1,4,2,OK,0.134
5,9,1,0,10,1,3,2,OK,0.134
2,9,1,0,3,6,6,2,OK,0.134
2,10,2,0,11,1,5,2,OK,0.134
2,13,1,0,16,1,1,2,OK,0.134
4,12,1,0,17,1,3,1,OK,0.134
7,9,1,1,16,5,2,2,OK,0.134
2,3,4,1,5,7,5,3,OK,0.134
5,12,1,0,15,2,5,2,OK,0.134
6,10,1,0,9,5,2,2,OK,0.134
6,13,1,1,12,5,7,2,OK,0.134
6,9,1,1,13,5,2,1,OK,0.134
1,9,5,0,2,1,1,2,OK,0.134
4,9,2,0,14,1,1,2,OK,0.134
3,10,1,1,15,1,1,2,OK,0.134
4,13,1,1,15,1,1,2,OK,0.134
5,10,1,0,13,1,3,2,ND,0.17
7,9,1,1,12,5,2,2,ND,0.17
1,11,1,0,19,2,2,1,ND,0.17
4,12,1,0,8,1,1,1,ND,0.17
6,9,1,0,9,1,1,2,ND,0.17
3,13,2,1,16,1,6,2,ND,0.17
2,9,1,1,15,7,1,1,ND,0.17
5,9,1,1,14,1,2,2,WY,0.156
4,11,1,1,19,2,3,2,WY,0.156
5,13,1,1,10,6,5,2,WY,0.156
5,10,1,0,8,5,1,1,MT,0.267
1,9,1,1,8,7,1,1,MT,0.267
5,9,1,0,13,5,3,1,MT,0.267
7,9,1,1,9,5,6,2,MT,0.267
4,10,1,0,16,1,1,2,ME,0.296
6,10,1,0,4,5,3,2,ME,0.296
5,10,1,0,12,1,3,2,ME,0.296
5,9,1,1,9,5,2,3,ME,0.296
3,12,1,1,16,1,3,2,ME,0.296
4,9,1,1,4,1,7,3,ME,0.296
6,10,1,0,15,5,7,1,ME,0.296
5,9,1,1,8,1,7,3,ME,0.296
1,9,1,1,19,1,3,2,ME,0.296
4,9,1,0,8,6,1,1,ME,0.296
4,9,1,1,1,1,6,2,DE,0.258
4,9,2,0,2,4,5,2,DE,0.258
5,9,1,0,14,1,3,2,DE,0.258
2,9,4,0,12,4,7,1,DE,0.258
5,9,1,1,13,5,3,2,SD,0.229
5,11,1,1,7,5,1,2,SD,0.229
4,9,1,0,16,2,6,1,SD,0.229
5,10,1,0,9,2,7,3,SD,0.229
4,12,1,0,15,1,1,2,SD,0.229
4,11,1,0,19,1,2,2,AK,0.267
4,12,1,1,19,1,2,2,AK,0.267
1,10,1,0,18,4,5,2,RI,0.265
4,9,1,0,15,2,3,2,RI,0.265
